{
    "rmse": 9456.458437965124,
    "mae": 7416.657471705301,
    "r2": 0.40531500447636526
}